{"stats":{"minecraft:used":{"minecraft:dirt":2},"minecraft:custom":{"minecraft:jump":50,"minecraft:time_since_rest":1848,"minecraft:damage_dealt":80,"minecraft:leave_game":1,"minecraft:play_time":1848,"minecraft:sprint_one_cm":4841,"minecraft:time_since_death":1848,"minecraft:walk_one_cm":1943,"minecraft:total_world_time":1848,"minecraft:mob_kills":1,"minecraft:fall_one_cm":1637,"minecraft:fly_one_cm":16005},"minecraft:mined":{"minecraft:tall_grass":1,"minecraft:grass_block":2,"minecraft:oak_log":1},"minecraft:killed":{"minecraft:sheep":1},"minecraft:picked_up":{"minecraft:oak_log":1,"minecraft:mutton":2,"minecraft:white_wool":1,"minecraft:dirt":2}},"DataVersion":3120}